1,GS,,Consultation,Consultation de ;spécialiste|en médecine générale,Consultation de spécialiste en médecine générale avec la majoration pour le médecin généraliste,Consultations/visites,NGAP,0,0|1|4|5|6|9|10|11,0,0,25,0,0.7,0,0,0,150,1,1,0,4,P1|P2|P3|P4|P5|P6,,MEG|MCG|CRD|CRM|CRN|CRS|F|MM|N,M|Fbis|P|S,1,0,0,
2,VGS,,"Visite ,","visite , à domicile par le médecin spécialiste qualifié en médecine générale",visite à domicile par le médecin spécialiste qualifié en médecine générale avec la majoration pour le médecin généraliste,Consultations/visites,NGAP,0,0|1|4|5|6|9|10|11,0,0,25,0,0.7,0,0,0,150,1,1,1,4,P1|P2|P3|P4|P5|P6,,MEG|MD|MDD|MDI|MDN|MU|VRD|VRM|VRN|VRS,M|Fbis|P|S|ID,1,0,0,
3,TCG,,Téléconsultation,Téléconsultation,Téléconsultation,Consultations/visites,NGAP,5,0|1|2|4|5|6|7|8|9|10|11|12,0,0,25,0,0.7,0,0,0,150,1,1,0,4,P1|P2|P3|P4|P5|P6,,"MEG,MCG|CRD|CRM|CRN|CRS|F|MM|N",M|Fbis|P|S,1,0,0,
4,VL,,Visite longue,Visite longue du patient atteint de maladie neurodégénérative,Visite longue et complexe réalisée au domicile du patient atteint de maladie neurodégénérative par le médecin traitant,Consultations/visites,NGAP,0,0|1|4|5|6|9|10|11,0,0,46,0,0.7,0,0,0,150,0,1,1,0,P1,,MD,ID,1,0,0,VL|neurodégénératif|neuro|neurodegeneratif
5,"C2,5",,Grossesse 1er trim,Entretien prénatal précoce du 1e trimestre,Entretien prénatal précoce du 1e trimestre,Consultations/visites,NGAP,4,0|1|2|3|4|5|6|7|8|9|10|11|12,0,0,57.5,0,1,0,2,0,150,1,1,2,0,P1,,,,1,0,0,Grossesse|1er trimestre|Premier trimestre|entretien précoce|prénatal
6,COE,,Cons. Obl. enfant,Consultation obligatoire de l'enfant,Consultation du médecin généraliste pour les examens obligatoires dans les 8 jours qui suivent la naissance|au cours du 9e ou du 10e mois|et au cours du 24e ou du 25e mois,Consultations/visites,NGAP,4,0|1|2|3|4|5|6|7|8|9|10|11|12,0,0,46,0,1,0,0,0,2,1,1,0,0,P1,,,,1,0,0,examen obligatoire enfant|COE|coe|8é jour|9é mois|24é mois
7,CCP,,Contraception 1er,Première consultation de contraception,Première consultation de contraception et de prévention des maladies sexuellement transmissibles pour les jeunes filles de 15 à 18 ans,Consultations/visites,NGAP,4,0|1|2|3|4|5|6|7|8|9|10|11|12,0,0,46,0,1,0,2,15,17,1,1,0,0,P1,,,,1,0,0,Contraception|adolescente|pilule|IST|MST
8,CSO,CCX,Obésité enf.,Consultation pour les enfants en risque avéré d'obésité,Consultation complexe de suivi et de coordination de la prise en charge des enfants de 3 à 12 ans en risque avéré d’obésité|par le médecin traitant de l’enfant,Consultations/visites,NGAP,4,0|1|2|3|4|5|6|7|8|9|10|11|12,0,0,46,0,0.7,0,0,3,11,1,1,0,0,P1,,,,1,0,0,Obésité|obesite|surcharge ponderale|poids|gros
9,"K0,4",,Certificat initial AT,Certificat initial d'accident du travail,Certificat initial d'accident du travail,Consultations/visites,NGAP,3,1|2|3|4|6|7|9|10|11|12,0,0,0.77,0,1,0,0,0,150,1,1,2,4,P1|P2|P3|P4|P5|P6,GS|VGS|TCG,,,0,0,0,AT
10,K1,,Certificat final AT,Certificat final d'accident du travail,Certificat final d'accident du travail,Consultations/visites,NGAP,3,1|2|3|4|6|7|9|10|11|12,0,0,1.92,0,1,0,0,0,150,1,1,2,4,P1|P2|P3|P4|P5|P6,GS|VGS|TCG,,,0,0,0,AT
11,MSH,,MSH,Suivi de sortie d'hospitalisation pour un patient à forte comorbité,Majoration pour la consultation de suivi de sortie d'hospitalisation de court séjour des patients à forte comorbidité par le médecin traitant,Consultations/visites,NGAP,2,1|2|3|4|5|6|7|9|10|11|12,0,0,23,0,0.7,0,0,0,150,0,1,2,0,P1,GS|VGS,,,0,0,0,MSH|hospitalisation|polypathologique
12,MIC,,MIC,Suivi de suite d'hospitalisation pour décompensation d'Insuffisance cardiaque,Majoration pour une consultation d'un patient insuffisant cardiaque après hospitalisation pour décompensation par le médecin traitant,Consultations/visites,NGAP,2,1|2|3|4|5|6|7|9|10|11|12,0,0,23,0,0.7,0,0,0,150,0,1,2,0,P1,GS|VGS,,,0,0,0,mic|insuffisance|cardiaque|oap|décompensation|hospitalisation
13,MIS,MTX,MIS (cancer),Consultation initiale d'annonce pathologie grave,Majoratin pour une consultation initiale d’information et d’organisation de la prise en charge d’un patient atteint d’un cancer|d’une pathologie neurologique grave ou d’une pathologie neurodégénérative,Consultations/visites,NGAP,2,1|2|3|4|5|6|7|9|10|11|12,0,0,30,0,0.7,0,0,0,150,1,1,0,0,P1,GS,,,0,0,0,cancer|leucémie|adk|maladie|grave|pathologie
14,PIV,MTX,PIV (VIH),Consultation initiale d'annonce VIH,Majoration pour la consultation initiale d’information et d'organisation de la prise en charge d'un patient ayant une infection par le VIH,Consultations/visites,NGAP,2,1|2|3|4|5|6|7|9|10|11|12,0,0,30,0,0.7,0,0,0,150,1,1,0,0,P1,GS,,,0,0,0,sida|vih|hiv|immunodéficience|
15,MRT,,MRT (15),majoration médecin traitant sur demande de la régulation 15,majoration médecin traitant sur demande de la régulation 15,Consultations/visites,NGAP,13,,0,0,15,0,0.7,0,0,0,150,0,1,2,2,P1|P2|P3|P4|P5|P6,GS,,MU,0,0,0,appel|15|centre|samu
16,MUT,,MUT (spé 48h),majoration d'urgence du médecin traitant pour RDV spécialiste dans les 48 h,majoration d'urgence du médecin traitant,Consultations/visites,NGAP,13,,0,0,5,0,0.7,0,0,0,150,0,1,2,3,P1|P2|P3|P4|P5|P6,"GS|VGS|VL|CSO|CCP|COE|C2,5|TCG",,,0,0,0,48|48h|48 h|avis|consultation|spécialiste|specialiste
17,QZJA002,,Plaie corps supf < 3 cm,Parage et/ou suture de plaie superﬁcielle de moins de 3 cm|en dehors de la face,Parage et/ou suture de plaie superﬁcielle de la peau de moins de 3 cm de grand axe|en dehors de la face,Sutures,CCAM,10,0|1|2|3|4|5,17,0,25.52,0,0.7,0,0,0,150,1,1,2,4,P1|P2|P3|P4|P5|P6,,ID|Fbis|M|P|S|CRD|CRM|CRN|CRS|VRD|VRM|VRN|VRS,,1,1,0,plaie|parage|suture|superficielle|corps|3
18,QZJA017,,Plaie corps supf 3 - 10 cm,Parage et/ou suture de plaie superﬁcielle de 3 cm à 10 cm|en dehors de la face,Parage et/ou suture de plaie superﬁcielle de la peau de 3 cm à 10 cm de grand axe|en dehors de la face,Sutures,CCAM,10,0|1|2|3|4|5,17,0,51.76,0,0.7,0,0,0,150,1,1,2,4,P1|P2|P3|P4|P5|P6,,ID|Fbis|M|P|S|CRD|CRM|CRN|CRS|VRD|VRM|VRN|VRS,,1,1,0,plaie|parage|suture|superficielle|corps|3|10
19,QZJA015,,Plaie corps sup > 10 cm,Parage et/ou suture de plaie superﬁcielle de plus de 10 cm|en dehors de la face,Parage et/ou suture de plaie superﬁcielle de la peau de plus de 10 cm de grand axe|en dehors de la face,Sutures,CCAM,10,0|1|2|3|4|5,17,0,61.68,0,0.7,0,0,0,150,1,1,2,4,P1|P2|P3|P4|P5|P6,,ID|Fbis|M|P|S|CRD|CRM|CRN|CRS|VRD|VRM|VRN|VRS,,1,1,0,plaie|parage|suture|superficielle|corps|10
20,QZJA016,,Plaie corps prof < 3 cm,Parage et/ou suture de plaie profonde de moins de 3 cm|en dehors de la face et de la main,Parage et/ou suture de plaie profonde de la peau et des tissus mous de moins de 3 cm de grand axe|en dehors de la face et de la main,Sutures,CCAM,10,0|1|2|3|4|5,18,0,48.92,0,0.7,0,0,0,150,1,1,2,4,P1|P2|P3|P4|P5|P6,,ID|Fbis|M|P|S|CRD|CRM|CRN|CRS|VRD|VRM|VRN|VRS,,1,1,0,plaie|parage|suture|profonde|corps|3
21,QZJA012,,Plaie corps prof 3 - 10 cm,Parage et/ou suture de plaie profonde de 3 cm à 10 cm|en dehors de la face et de la main,Parage et/ou suture de plaie profonde de la peau et des tissus mous de 3 cm à 10 cm de grand axe|en dehors de la face et de la main,Sutures,CCAM,10,0|1|2|3|4|5,18,0,61.68,0,0.7,0,0,0,150,1,1,2,4,P1|P2|P3|P4|P5|P6,,ID|Fbis|M|P|S|CRD|CRM|CRN|CRS|VRD|VRM|VRN|VRS,,1,1,0,plaie|parage|suture|profonde|corps|3|10
22,QZJA001,,Plaie corps prof > 10 cm,Parage et/ou suture de plaie profonde de plus de 10 cm|en dehors de la face et de la main,Parage et/ou suture de plaie profonde de la peau et des tissus mous de plus de 10 cm de grand axe|en dehors de la face et de la main,Sutures,CCAM,10,0|1|2|3|4|5,18,0,85.08,0,0.7,0,0,0,150,1,1,0,4,P1|P2|P3|P4|P5|P6,,Fbis|M|P|S|CRD|CRM|CRN|CRS,,1,1,0,plaie|parage|suture|profonde|corps|10
23,QZJA002,,Plaie main supf < 3 cm,Parage et/ou suture de plaie superﬁcielle de la main de moins de 3 cm,Parage et/ou suture de plaie superﬁcielle de la peau de moins de 3 cm de grand axe|en dehors de la face - acte sur plaie des mains,Sutures,CCAM,10,0|1|2|3|4|5,17,0,25.52,0,0.7,0,0,0,150,1,1,2,4,P1|P2|P3|P4|P5|P6,,ID|Fbis|M|P|R|S|CRD|CRM|CRN|CRS|VRD|VRM|VRN|VRS,,1,1,0,plaie|parage|mains|main|3
24,QZJA017,,Plaie main supf 3 - 10 cm,Parage et/ou suture de plaie superﬁcielle de la main de 3 cm à 10 cm,Parage et/ou suture de plaie superﬁcielle de la peau de 3 cm à 10 cm de grand axe|en dehors de la face - acte sur plaie des mains,Sutures,CCAM,10,0|1|2|3|4|5,17,0,51.76,0,0.7,0,0,0,150,1,1,2,4,P1|P2|P3|P4|P5|P6,,ID|Fbis|M|P|R|S|CRD|CRM|CRN|CRS|VRD|VRM|VRN|VRS,,1,1,0,plaie|parage|mains|main|3|10
25,QZJA015,,Plaie main sup > 10 cm,Parage et/ou suture de plaie superﬁcielle de la main de plus de 10 cm,Parage et/ou suture de plaie superﬁcielle de la peau de plus de 10 cm de grand axe|en dehors de la face - acte sur plaie des mains,Sutures,CCAM,10,0|1|2|3|4|5,17,0,61.68,0,0.7,0,0,0,150,1,1,2,4,P1|P2|P3|P4|P5|P6,,ID|Fbis|M|P|R|S|CRD|CRM|CRN|CRS|VRD|VRM|VRN|VRS,,1,1,0,plaie|parage|mains|main|10
26,QAJA013,,Plaie face supf < 3 cm,Parage et/ou suture de plaie superﬁcielle de la face de moins de 3 cm,Parage et/ou suture de plaie superﬁcielle de la peau de la face de moins de 3 cm de grand axe,Sutures,CCAM,10,0|1|2|3|4|5,15,0,31.35,0,0.7,0,0,0,150,1,1,2,4,P1|P2|P3|P4|P5|P6,,ID|Fbis|M|P|S|CRD|CRM|CRN|CRS|VRD|VRM|VRN|VRS,,1,1,0,plaie|parage|suture|superficielle|face|3
27,QAJA005,,Plaie face supf 3-10 cm,Parage et/ou suture de plaie superﬁcielle de la face de 3 cm à 10 cm,Parage et/ou suture de plaie superﬁcielle de la peau de la face de 3 cm à 10 cm de grand axe,Sutures,CCAM,10,0|1|2|3|4|5,15,0,74.45,0,0.7,0,0,0,150,1,1,2,4,P1|P2|P3|P4|P5|P6,,ID|Fbis|M|P|S|CRD|CRM|CRN|CRS|VRD|VRM|VRN|VRS,,1,1,0,plaie|parage|suture|superficielle|face|3|10
28,QAJA002,,Plaie face supf > 10 cm,Parage et/ou suture de plaie superﬁcielle de la face de plus de 10 cm,Parage et/ou suture de plaie superﬁcielle de la peau de la face de plus de 10 cm de grand axe,Sutures,CCAM,10,0|1|2|3|4|5,15,0,82.95,0,0.7,0,0,0,150,1,1,2,4,P1|P2|P3|P4|P5|P6,,ID|Fbis|M|P|S|CRD|CRM|CRN|CRS|VRD|VRM|VRN|VRS,,1,1,0,plaie|parage|suture|superficielle|face|10
29,QAJA004,,Plaie face prof < 3 cm,Parage et/ou suture de plaie profonde de la face de moins de 3 cm,Parage et/ou suture de plaie profonde de la peau et des tissus mous de la face de moins de 3 cm de grand axe,Sutures,CCAM,10,0|1|2|3|4|5,15,0,62.7,0,0.7,0,0,0,150,1,1,2,4,P1|P2|P3|P4|P5|P6,,ID|Fbis|M|P|S|CRD|CRM|CRN|CRS|VRD|VRM|VRN|VRS,,1,1,0,plaie|parage|suture|profonde|face|3
30,QZJA022,,Plaie pulpo-unguéale,Parage et/ou suture d'une plaie pulpo-unguéale,Parage et/ou suture d'une plaie pulpo-unguéale,Sutures,CCAM,10,0|1|2|3|4|5,19,0,80.83,0,0.7,0,0,0,150,1,1,2,4,P1|P2|P3|P4|P5|P6,,ID|Fbis|M|P|S|CRD|CRM|CRN|CRS|VRD|VRM|VRN|VRS,,1,1,0,plaie|parage|suture|ongle|pulpe|doigt
31,QZJA021,,Plaies pulpo-unguélales,Parage et/ou suture de plusieurs plaies pulpo-unguéales,Parage et/ou suture de plusieurs plaies pulpo-unguéales,Sutures,CCAM,10,0|1|2|3|4|5,19,0,141.8,0,0.7,0,0,0,150,1,1,2,4,P1|P2|P3|P4|P5|P6,,ID|Fbis|M|P|S|CRD|CRM|CRN|CRS|VRD|VRM|VRN|VRS,,1,1,0,plaie|parage|suture|ongle|pulpe|doigt
32,HAJA003,,Plaie cutanée lèvre,Parage et/ou suture de plaie cutanée non transfixiante de lèvre,Parage et/ou suture de plaie cutanée non transfixiante de lèvre,Sutures,CCAM,10,0|1|2|3|4|5,0,0,34.03,0,0.7,0,0,0,150,1,1,2,4,P1|P2|P3|P4|P5|P6,,ID|Fbis|M|P|S|CRD|CRM|CRN|CRS|VRD|VRM|VRN|VRS,,1,1,0,plaie|parage|suture|lévre|levre
33,HAJA006,,Plaie lèvre transfixiante,Parage et/ou suture de plaie transfixiante de lèvre,Parage et/ou suture de plaie transfixiante de lèvre,Sutures,CCAM,10,0|1|2|3|4|5,0,0,55.3,0,0.7,0,0,0,150,1,1,2,4,P1|P2|P3|P4|P5|P6,,ID|Fbis|M|P|S|CRD|CRM|CRN|CRS|VRD|VRM|VRN|VRS,,1,1,0,plaie|parage|suture|lévre|levre|transfixiant
34,HAJA010,,Plaie muqueuse lèvre,Parage et/ou suture d'une plaie muqueuse intrabuccale,Parage et/ou suture d'une plaie muqueuse intrabuccale,Sutures,CCAM,10,0|1|2|3|4|5,0,0,32.61,0,0.7,0,0,0,150,1,1,2,4,P1|P2|P3|P4|P5|P6,,ID|Fbis|M|P|S|CRD|CRM|CRN|CRS|VRD|VRM|VRN|VRS,,1,1,0,plaie|muqueuse|lèvre|levre
35,GAJA002,,Plaie nez,Parage et/ou suture de plaie du nez,Parage et/ou suture de plaie du nez,Sutures,CCAM,10,0|1|2|3|4|5,0,0,53.88,0,0.7,0,0,0,150,1,1,2,4,P1|P2|P3|P4|P5|P6,,ID|Fbis|M|P|S|CRD|CRM|CRN|CRS|VRD|VRM|VRN|VRS,,1,1,0,plaie|parage|suture|nez|aile|narine
36,CAJA002,,Plaie auricule,Parage et/ou suture de plaie de l'auricule,Parage et/ou suture de plaie de l'auricule,Sutures,CCAM,10,0|1|2|3|4|5,0,0,46.79,0,0.7,0,0,0,150,1,1,2,4,P1|P2|P3|P4|P5|P6,,ID|Fbis|M|P|S|CRD|CRM|CRN|CRS|VRD|VRM|VRN|VRS,,1,1,0,plaie|parage|suture|auricule|oreille|pavillon
37,BACA008,,Plaie sourcil,Suture de plaie du sourcil,Suture de plaie du sourcil,Sutures,CCAM,10,0|1|2|3|4|5,0,0,29.07,0,0.7,0,0,0,150,1,1,2,4,P1|P2|P3|P4|P5|P6,,ID|Fbis|M|P|S|CRD|CRM|CRN|CRS|VRD|VRM|VRN|VRS,,1,1,0,plaie|parage|suture|sourcil|arcade
38,CAGD001,,Bouchon simple,Ablation uni ou bilatérale d'un bouchon de cérumen simple,Ablation unilatérale ou bilatérale de bouchon de cérumen ou de corps étranger du méat acoustique externe,Abcès/corps étrangers,CCAM,6,0|1|2|3|4|5,0,0,19.25,0,0.7,0,0,0,150,1,1,2,4,P1|P2|P3|P4|P5|P6,,ID|Fbis|P|S|CRD|CRM|CRN|CRS|VRD|VRM|VRN|VRS,,1,1,0,extraction|bouchon|conduit|auditif|méat|cerumen|cérumen|simple
39,CAGD002,,Bouchon épidermique,Ablation uni ou bilatérale d'un bouchon de cérumen épidermique,Extraction unilatérale ou bilatérale de bouchon épidermique du méat acoustique externe,Abcès/corps étrangers,CCAM,6,0|1|2|3|4|5,0,0,30.03,0,0.7,0,0,0,150,1,1,2,4,P1|P2|P3|P4|P5|P6,,ID|Fbis|P|S|CRD|CRM|CRN|CRS|VRD|VRM|VRN|VRS,,1,1,0,extraction|bouchon|conduit|auditif|méat|cerumen|cérumen|épidermique|epidermique
40,GAGD002,,CE nasal,Ablation de corps étranger de la cavité nasale,Ablation de corps étranger de la cavité nasale,Abcès/corps étrangers,CCAM,6,0|1|2|3|4|5,0,0,35.42,0,0.7,0,0,0,150,1,1,2,4,P1|P2|P3|P4|P5|P6,,ID|Fbis|P|S|CRD|CRM|CRN|CRS|VRD|VRM|VRN|VRS,,1,1,0,ablation|corps|etranger|étranger|cavité|cavite|nasale
41,BDGP002,,CE cornée supf,Ablation d’un corps étranger superficiel de la cornée,Ablation d’un corps étranger superficiel de la cornée,Abcès/corps étrangers,CCAM,6,0|1|2|3|4|5,9,0,20.9,0,0.7,0,0,0,150,1,1,2,4,P1|P2|P3|P4|P5|P6,,ID|Fbis|P|S|CRD|CRM|CRN|CRS|VRD|VRM|VRN|VRS,,1,1,0,ablation|corps|etranger|étranger|cornée|cornee
42,BDGP003,,CE cornée supf multi,Ablation de plusieurs corps étrangers superficiels de la cornée,Ablation de corps étrangers superficiels multiples unilatéraux ou bilatéraux de la cornée,Abcès/corps étrangers,CCAM,6,0|1|2|3|4|5,9,0,24.31,0,0.7,0,0,0,150,1,1,2,4,P1|P2|P3|P4|P5|P6,,ID|Fbis|P|S|CRD|CRM|CRN|CRS|VRD|VRM|VRN|VRS,,1,1,0,ablation|corps|etranger|étranger|cornée|cornee|plusieurs
43,QZGA004,,CE corps supf,Ablation d'un corps étranger superficiel de la peau|en dehors du visage et des mains,Ablation d'un corps étranger superficiel de la peau|en dehors du visage et des mains,Abcès/corps étrangers,CCAM,10,0|1|2|3|4|5,16,0,38.29,0,0.7,0,0,0,150,1,1,2,4,P1|P2|P3|P4|P5|P6,,ID|Fbis|P|S|CRD|CRM|CRN|CRS|VRD|VRM|VRN|VRS,,1,1,0,ablation|corps|etranger|étranger|superficiel
44,QZGA007,,CE corps supf multi,Ablation de plusieurs corps étrangers superficiels de la peau|en dehors du visage et des mains,Ablation de plusieurs corps étrangers superficiels de la peau|en dehors du visage et des mains,Abcès/corps étrangers,CCAM,10,0|1|2|3|4|5,16,0,67.36,0,0.7,0,0,0,150,1,1,2,4,P1|P2|P3|P4|P5|P6,,ID|Fbis|P|S|CRD|CRM|CRN|CRS|VRD|VRM|VRN|VRS,,1,1,0,ablation|corps|etranger|étranger|superficiel|plusieurs|multiples
45,QZGA003,,CE corps prof,Ablation d'un corps étranger profond des tissus mous|en dehors du visage et des mains,Ablation d'un corps étranger profond des tissus mous|en dehors du visage et des mains,Abcès/corps étrangers,CCAM,10,0|1|2|3|4|5,16,0,60.27,0,0.7,0,0,0,150,1,1,2,4,P1|P2|P3|P4|P5|P6,,ID|Fbis|P|S|CRD|CRM|CRN|CRS|VRD|VRM|VRN|VRS,,1,1,0,ablation|corps|etranger|étranger|profond
46,QZGA006,,CE corps prof multi,Ablation de plusieurs corps étrangers profonds de la peau et des tissus mous|en dehors du visage et des mains,Ablation de plusieurs corps étrangers profonds de la peau et des tissus mous|en dehors du visage et des mains,Abcès/corps étrangers,CCAM,10,0|1|2|3|4|5,16,0,84.37,0,0.7,0,0,0,150,1,1,2,4,P1|P2|P3|P4|P5|P6,,ID|Fbis|P|S|CRD|CRM|CRN|CRS|VRD|VRM|VRN|VRS,,1,1,0,ablation|corps|etranger|étranger|profond|plusieurs|multiples
47,QAGA003,,CE visage/main supf,Ablation d'un corps étranger superficiel de la peau du visage ou des mains,Ablation d'un corps étranger superficiel de la peau du visage ou des mains,Abcès/corps étrangers,CCAM,10,0|1|2|3|4|5,14,0,47.5,0,0.7,0,0,0,150,1,1,2,4,P1|P2|P3|P4|P5|P6,,ID|Fbis|P|S|CRD|CRM|CRN|CRS|VRD|VRM|VRN|VRS,,1,1,0,ablation|corps|etranger|étranger|superficiel|mains|visage
48,QAGA002,,CE visage/main supf multi,Ablation de plusieurs corps étrangers superficiels de la peau du visage et/ou des mains,Ablation de plusieurs corps étrangers superficiels de la peau du visage et/ou des mains,Abcès/corps étrangers,CCAM,10,0|1|2|3|4|5,14,0,75.86,0,0.7,0,0,0,150,1,1,2,4,P1|P2|P3|P4|P5|P6,,ID|Fbis|P|S|CRD|CRM|CRN|CRS|VRD|VRM|VRN|VRS,,1,1,0,ablation|corps|etranger|étranger|superficiel|mains|visage|plusieurs|multiples
49,QAGA004,,CE visage/main prof,Ablation d'un corps étranger profond des tissus mous du visage ou des mains,Ablation d'un corps étranger profond des tissus mous du visage ou des mains,Abcès/corps étrangers,CCAM,10,0|1|2|3|4|5,0,0,80.83,0,0.7,0,0,0,150,1,1,2,4,P1|P2|P3|P4|P5|P6,,ID|Fbis|P|S|CRD|CRM|CRN|CRS|VRD|VRM|VRN|VRS,,1,1,0,ablation|corps|etranger|étranger|profond|mains|visage|mous|tissus
50,QAGA001,,CE visage/main prof multi,Ablation de plusieurs corps étrangers profonds de la peau et des tissus mous du visage et/ou des mains,Ablation de plusieurs corps étrangers profonds de la peau et des tissus mous du visage et/ou des mains,Abcès/corps étrangers,CCAM,10,0|1|2|3|4|5,0,0,107.06,0,0.7,0,0,0,150,1,1,0,4,P1|P2|P3|P4|P5|P6,,Fbis|P|S|CRD|CRM|CRN|CRS,,1,1,0,ablation|corps|etranger|étranger|profond|mains|visage|mous|tissus|plusieurs|multiples
51,QZJA009,,Abcès supf évacuation,Évacuation de collection superficielle de la peau|par abord direct,Évacuation de collection superficielle de la peau|par abord direct,Abcès/corps étrangers,CCAM,10,0|1|2|3|4|5,0,0,38.29,0,0.7,0,0,0,150,1,1,2,4,P1|P2|P3|P4|P5|P6,,ID|Fbis|P|S|CRD|CRM|CRN|CRS|VRD|VRM|VRN|VRS,,1,1,0,evacuation|évacuation|collection|peau|abcès|abces|incision
52,QZJB002,,Abcès supf ponction,Évacuation de collection superficielle et/ou profonde de la peau et des tissus mous,Évacuation de collection superficielle et/ou profonde de la peau et des tissus mous|par voie transcutanée sans guidage,Abcès/corps étrangers,CCAM,6,0|1|2|3|4|5,0,0,25.52,0,0.7,0,0,0,150,1,1,2,4,P1|P2|P3|P4|P5|P6,,ID|Fbis|P|S|CRD|CRM|CRN|CRS|VRD|VRM|VRN|VRS,,1,1,0,evacuation|évacuation|collection|peau|abcès|abces|superficiel|profond|incision
53,BAPA002,,Abcès paupière,Incision unilatérale ou bilatérale de collection de paupière,Incision unilatérale ou bilatérale de collection de paupière,Abcès/corps étrangers,CCAM,10,0|1|2|3|4|5,0,0,62.7,0,0.7,0,0,0,150,1,1,2,4,P1|P2|P3|P4|P5|P6,,ID|Fbis|P|S|CRD|CRM|CRN|CRS|VRD|VRM|VRN|VRS,,1,1,0,collection|paupière|abcès|abces|incision
54,QZFA010,,Molluscum 1 à 20,Exérèse tangentielle de 1 à 20 molluscum contagiosum,Exérèse tangentielle de 1 à 20 molluscum contagiosum,Dermatologie,CCAM,10,0|1|2|3|4|5,4,0,23.5,0,0.7,0,0,0,150,1,1,2,0,P1,,ID,,1,1,0,mollucum|exerese|exérèse|tangentielle|contagiosum
55,QZFA015,,Molluscum > 21,Exérèse tangentielle de 21 molluscum contagiosum ou plus,Exérèse tangentielle de 21 molluscum contagiosum ou plus,Dermatologie,CCAM,10,0|1|2|3|4|5,4,0,36.31,0,0.7,0,0,0,150,1,1,2,0,P1,,ID,,1,1,0,mollucum|exerese|exérèse|tangentielle|contagiosum
56,QZNP004,,Cryo corps 1 à 10,Cryothérapie de 1 à 10 lésions du corps,Séance de destruction de 1 à 10 lésions cutanées superficielles par agent chimique ou par cryothérapie de contact|en dehors du visage,Dermatologie,CCAM,6,0|1|2|3|4|5,1,0,22.78,0,0.7,0,2,0,150,1,1,2,0,P1,,ID,,1,1,0,Cryothérapie|cryo|corps|lésions
57,QZNP012,,Cryo corps 11 à 50,Cryothérapie de 11 à 50 lésions du corps,Séance de destruction de 11 à 50 lésions cutanées superficielles par agent chimique ou par cryothérapie de contact|en dehors du visage,Dermatologie,CCAM,6,0|1|2|3|4|5,1,0,29.9,0,0.7,0,0,0,150,1,1,2,0,P1,,ID,,1,1,0,Cryothérapie|cryo|corps|lésions
58,QZNP005,,Cryo corps > 50,Cryothérapie de plus de 50 lésions du corps,Séance de destruction de 51 lésions cutanées superficielles ou plus|par agent chimique ou par cryothérapie de contact|en dehors du visage,Dermatologie,CCAM,6,0|1|2|3|4|5,1,0,38.45,0,0.7,0,0,0,150,1,1,2,0,P1,,ID,,1,1,0,Cryothérapie|cryo|corps|lésions
59,QANP007,,Cryo visage 1 à 10,Cryothérapie de 1 à 10 lésions du visage,Séance de destruction de 1 à 10 lésions cutanées superficielles du visage|par agent chimique ou par cryothérapie de contact,Dermatologie,CCAM,6,0|1|2|3|4|5,7,0,28.8,0,0.7,0,2,0,150,1,1,2,0,P1,,ID,,1,1,0,Cryothérapie|cryo|visage|lésions
60,QANP005,,Cryo visage > 11,Cryothérapie de plus de 11 lésions du visage,Séance de destruction de 11 lésions cutanées superficielles du visage ou plus|par agent chimique ou par cryothérapie de contact,Dermatologie,CCAM,6,0|1|2|3|4|5,7,0,34.89,0,0.7,0,2,0,150,1,1,2,0,P1,,ID,,1,1,0,Cryothérapie|cryo|visage|lésions
61,QZNP013,,Elec coag 1à 5,Electrocoagulation de 1 à 5 lésions,Séance de destruction de 1 à 5 lésions cutanées superficielles|par électrocoagulation,Dermatologie,CCAM,6,0|1|2|3|4|5,6,0,24.21,0,0.7,0,0,0,150,1,1,2,0,P1,,ID,,1,1,0,electrocaoagulation|électrocoagulation|lésion
62,QZNP025,,Elec coag > 6,Electrocoagulation de plus de 6 lésions,Séance de destruction de 6 lésions cutanées superficielles ou plus|par électrocoagulation,Dermatologie,CCAM,6,0|1|2|3|4|5,6,0,32.75,0,0.7,0,0,0,150,1,1,2,0,P1,,ID,,1,1,0,electrocaoagulation|électrocoagulation|lésion
63,QZFA013,,Curetage 1 à 5,Curetage de 1 à 5 lésions,Exérèse de 1 à 5 lésions cutanées|par curetage,Dermatologie,CCAM,10,0|1|2|3|4|5,0,0,32.75,0,0.7,0,0,0,150,1,1,2,0,P1,,ID,,1,1,0,curetage|exérèse|exerese|lésion
64,QZFA022,,Curetage > 6,Curetage de plus 6 lésions,Exérèse de 6 lésions cutanées ou plus|par curetage,Dermatologie,CCAM,10,0|1|2|3|4|5,0,0,42.72,0,0.7,0,0,0,150,1,1,2,0,P1,,ID,,1,1,0,curetage|exérèse|exerese|lésion
65,CAFA005,,Auricule nodule,Exérèse de nodule douloureux de l'auricule,Exérèse partielle transfixiante de l'auricule,Dermatologie,CCAM,11,0|1|2|3|4|5,22,0,95.72,0,0.7,0,0,0,150,1,1,2,0,P1,,ID,,1,1,0,nodule|douloureux|auricule|oreille|bénin
66,CAFA005,,Auricule nodule malin,Exérèse de nodule douloureux de l'auricule (malin),Exérèse partielle transfixiante de l'auricule,Dermatologie,CCAM,11,0|1|2|3|4|5,22,0,95.72,0,0.7,0,0,0,150,1,1,2,0,P1,,FSD|ID,,1,1,0,nodule|douloureux|auricule|oreille|malin|maligne
67,QZFA036,,Lésion bénigne supf < 5 cm2 (1),Exérèse d’une lésion superficielle de moins de 5 cm2,Exérèse de lésion superficielle de la peau par excision d'une zone cutanée de moins de 5 cm²,Dermatologie,CCAM,11,0|1|2|3|4|5,20,0,28.8,0,0.7,0,0,0,150,1,1,2,4,P1|P2|P3|P4|P5|P6,,ID|Fbis|P|S|CRD|CRM|CRN|CRS|VRD|VRM|VRN|VRS,,1,1,0,lésion|lesion|superficielle|exérèse
68,QZFA031,,Lésions bénignes supf < 5 cm2 (2 à 5),Exérèse d’une lésion superficielle de 2 à 5 zones < 5 cm2,Exérèse de lésion superficielle de la peau par excision de 2 à 5 zones cutanées de moins de 5 cm²,Dermatologie,CCAM,11,0|1|2|3|4|5,21,0,42.72,0,0.7,0,0,0,150,1,1,2,4,P1|P2|P3|P4|P5|P6,,ID|Fbis|P|S|CRD|CRM|CRN|CRS|VRD|VRM|VRN|VRS,,1,1,0,lésions|lesions|superficielle|exérèse
69,QZFA001,,Lésion bénigne ss/cut < 3 cm (2 à 5),Exérèse de 2 à 5 lésions souscutanées susfasciales de moins de 3 cm de grand axe,Exérèse de 2 à 5 lésions souscutanées susfasciales de moins de 3 cm de grand axe,Dermatologie,CCAM,11,0|1|2|3|4|5,3,0,70.9,0,0.7,0,0,0,150,1,1,2,4,P1|P2|P3|P4|P5|P6,,ID|Fbis|P|S|CRD|CRM|CRN|CRS|VRD|VRM|VRN|VRS,,1,1,0,lésion|lesion|sous cutanée|exérèse|susfasciale
70,QZFA002,,Lésion bénigne ss/cut < 3 cm (1),Exérèse d'une lésion souscutanées susfasciale de moins de 3 cm de grand axe,Exérèse d'une lésion souscutanée susfasciale de moins de 3 cm de grand axe,Dermatologie,CCAM,11,0|1|2|3|4|5,3,0,54.11,0,0.7,0,0,0,150,1,1,2,4,P1|P2|P3|P4|P5|P6,,ID|Fbis|P|S|CRD|CRM|CRN|CRS|VRD|VRM|VRN|VRS,,1,1,0,lésion|lesion|sous cutanée|exérèse|susfasciale
71,QZFA036,,Lésion maligne supf < 5 cm2 (1),Exérèse d’une lésion superficielle de moins de 5 cm2 (malin),Exérèse de lésion superficielle de la peau par excision d'une zone cutanée de moins de 5 cm²,Dermatologie,CCAM,11,0|1|2|3|4|5,20,0,28.8,0,0.7,0,0,0,150,1,1,2,4,P1|P2|P3|P4|P5|P6,,FSD|ID|Fbis|P|S|CRD|CRM|CRN|CRS|VRD|VRM|VRN|VRS,,1,1,0,lésion|lesion|superficielle|exérèse|maligne
72,QZFA031,,Lésions malignes supf < 5 cm2 (2 à 5),Exérèse d’une lésion superficielle de 2 à 5 zones < 5 cm2 (malin),Exérèse de lésion superficielle de la peau par excision de 2 à 5 zones cutanées de moins de 5 cm²,Dermatologie,CCAM,11,0|1|2|3|4|5,21,0,42.72,0,0.7,0,0,0,150,1,1,2,4,P1|P2|P3|P4|P5|P6,,FSD|ID|Fbis|P|S|CRD|CRM|CRN|CRS|VRD|VRM|VRN|VRS,,1,1,0,lésions|lesions|superficielle|exérèse|maligne
73,QZFA002,,Lésion maligne ss/cut < 3 cm (1),Exérèse d'une lésion souscutanées susfasciale de moins de 3 cm de grand axe (malin),Exérèse d'une lésion souscutanée susfasciale de moins de 3 cm de grand axe,Dermatologie,CCAM,11,0|1|2|3|4|5,3,0,54.11,0,0.7,0,0,0,150,1,1,2,4,P1|P2|P3|P4|P5|P6,,FSD|ID|Fbis|P|S|CRD|CRM|CRN|CRS|VRD|VRM|VRN|VRS,,1,1,0,lésions|lesion|sous cutanée|exérèse|susfasciale|maligne
74,QZFA001,,Lésions malignes ss/cut < 3 cm (2 à 5),Exérèse de 2 à 5 lésions souscutanées susfasciales de moins de 3 cm de grand axe (malin),Exérèse de 2 à 5 lésions souscutanées susfasciales de moins de 3 cm de,Dermatologie,CCAM,11,0|1|2|3|4|5,3,0,70.9,0,0.7,0,0,0,150,1,1,2,4,P1|P2|P3|P4|P5|P6,,FSD|ID|Fbis|P|S|CRD|CRM|CRN|CRS|VRD|VRM|VRN|VRS,,1,1,0,lésions|lesions|sous cutanée|exérèse|susfasciale|maligne
75,QZFA028,,Exé tang 1 à 6,Exérèse tangentielle de 1 à 5 lésions cutanées,Exérèse tangentielle de 1 à 5 lésions cutanées,Dermatologie,CCAM,10,0|1|2|3|4|5,5,0,29.19,0,0.7,0,0,0,150,1,1,2,4,P1|P2|P3|P4|P5|P6,,ID|Fbis|P|S|CRD|CRM|CRN|CRS|VRD|VRM|VRN|VRS,,1,1,0,exérèse|exerese|tangentielle
76,QZFA021,,Exé tang > 6,Exérèse tangentielle de 6 lésions cutanées ou plus,Exérèse tangentielle de 6 lésions cutanées ou plus,Dermatologie,CCAM,10,0|1|2|3|4|5,5,0,34.89,0,0.7,0,0,0,150,1,1,2,0,P1,,ID,,1,1,0,exérèse|exerese|tangentielle
77,JHNP001,,Condylome Gland,Destruction de lésion du gland et/ou du prépuce du pénis,Destruction de lésion du gland et/ou du prépuce du pénis,Dermatologie,CCAM,6,0|1|2|3|4|5,0,0,39,0,0.7,0,1,0,150,1,1,2,0,P1,,ID,,1,1,0,desctruction|condylome|gland|prépuce|sillon|balanoprépucial
78,JZNP002,,Condylomes OGE < 10,Destruction de moins de 10 lésions périnéales / OGE,Destruction de moins de 10 lésions périnéales : des organes génitaux externes féminins ou masculins|du raphé anogénital|de la région périanale,Dermatologie,CCAM,6,0|1|2|3|4|5,2,0,34.89,0,0.7,0,0,0,150,1,1,2,0,P1,,ID,,1,1,0,destruction|condylome|oge|organes|génitaux|externes|vulve|périné|anus|anal
79,JZNP001,,Condylomes OGE 10 à 50,Destruction de 10 à 50 lésions périnéales / OGE,Destruction de 10 à 50 lésions périnéales : des organes génitaux externes féminins ou masculins|du raphé anogénital|de la région périanale,Dermatologie,CCAM,6,0|1|2|3|4|5,2,0,50.55,0,0.7,0,0,0,150,1,1,2,0,P1,,ID,,1,1,0,destruction|condylome|oge|organes|génitaux|externes|vulve|périné|anus|anal
80,JZNP003,,Condylomes OGE > 50,Destruction de 51 lésions périnéales / OGE ou plus|ou de lésion périnéale de plus de 30 cm²,Destruction de plus de 50 lésions périnéales : des organes génitaux externes féminins ou masculins|du raphé anogénital|de la région périanale,Dermatologie,CCAM,6,0|1|2|3|4|5,2,0,72.62,0,0.7,0,0,0,150,1,1,2,0,P1,,ID,,1,1,0,destruction|condylome|oge|organes|génitaux|externes|vulve|périné|anus|anal
81,JHFA015,,Exérèse de lésion de la peau du pénis,Exérèse de lésion de la peau du pénis|du gland et/ou du sillon balanopréputial,Exérèse de lésion de la peau du pénis|du gland et/ou du sillon balanopréputial|sans anesthésie générale ou locorégionale,Dermatologie,CCAM,10,0|1|2|3|4|5,0,0,49.63,0,0.7,0,1,0,150,1,1,2,0,P1,,ID,,1,1,0,exérèse|exerese|lésion|pénis|gland|sillon|balanoprépucial
82,JMFA002,,Exérèse de lésion vulvopérinéale,Exérèse de lésion vulvopérinéale,Exérèse de lésion vulvopérinéale,Dermatologie,CCAM,10,0|1|2|3|4|5,0,0,43.6,0,0.7,0,2,0,150,1,1,2,0,P1,,ID,,1,1,0,exérèse|exerese|lésion|vulve
83,QZHA003,,Biopsie ongle sauf tablette distale non adhérente,Biopsie de la tablette|du repli et/ou du lit de l'ongle,Biopsie de la tablette|du repli et/ou du lit de l'ongle - À l'exclusion de la biopsie de la tablette distale non adhérente,Dermatologie,CCAM,10,0|1|2|3|4|5,0,0,43.43,0,0.7,0,0,0,150,1,1,2,0,P1,,ID,,1,2,0,biopsie|ongle|tablette|onychomychose|repli|lit ongle
84,QZHA001,,Biopsie dermoépidermique,Biopsie dermoépidermique,Biopsie dermoépidermique|par abord direct,Dermatologie,CCAM,12,1|2|3|4|5,0,0,20.56,0,0.7,0,0,0,150,1,1,2,0,P1,,ID,,1,2,0,biopsie|derme|épiderme|epiderme|épidermique
85,QZHA005,,Biopsie des tissus souscutanés susfaciaux,Biopsie des tissus souscutanés susfaciaux,Biopsie des tissus souscutanés susfasciaux|par abord direct,Dermatologie,CCAM,12,1|2|3|4|5,0,0,25.52,0,0.7,0,0,0,150,1,1,2,0,P1,,ID,,1,2,0,biopsie|tissus|souscutanés|susfaciaux
86,BAHA001,,Biopsie paupière,Biopsie de la paupière,Biopsie unilatérale ou bilatérale de paupière,Dermatologie,CCAM,10,0|1|2|3|4|5,0,0,29.02,0,0.7,0,0,0,150,1,1,2,0,P1,,ID,,1,2,0,biopsie|paupière
87,HAHA002,,Biopsie lévre,Biopsie de la lèvre,Biopsie de lèvre,Dermatologie,CCAM,12,1|2|3|4|5,0,0,29.19,0,0.7,0,0,0,150,1,1,2,0,P1,,ID,,1,2,0,biopsie|lèvre|levre
88,GAHA001,,Biopsie nez,Biopsie de la peau du nez et /ou de la muqueuse narinaire,Biopsie de la peau du nez et/ou de la muqueuse narinaire,Dermatologie,CCAM,12,1|2|3|4|5,0,0,30.4,0,0.7,0,0,0,150,1,1,2,0,P1,,ID|Fbis|P|S,,1,2,0,biopsie|peau|nez|muqueuse|narine
89,CAHA001,,Biopsie oreille,Biopsie de la peau de l’oreille externe,Biopsie unilatérale ou bilatérale de la peau de l'oreille externe,Dermatologie,CCAM,12,1|2|3|4|5,0,0,29.9,0,0.7,0,0,0,150,1,1,2,0,P1,,ID|Fbis|P|S,,1,2,0,biopsie|peau|oreille|externe
90,QEHA001,,Biopsie aréole,Biopsie de l’aréole,Biopsie de la plaque aréolomamelonnaire,Dermatologie,CCAM,10,0|1|2|3|4|5,0,0,29.76,0,0.7,0,0,0,150,1,1,2,0,P1,,ID,,1,2,0,biopsie|aréole|areole|sein
91,CAHA002,,Biopsie cartilage oreille,Biopsie du cartilage de l'oreille externe,Biopsie unilatérale ou bilatérale du cartilage de l'oreille externe|Avec ou sans biopsie de la peau de l'oreille externe,Dermatologie,CCAM,12,1|2|3|4|5,0,0,32.04,0,0.7,0,0,0,150,1,1,2,0,P1,,ID|Fbis|P|S,,1,2,0,biopsie|cartilage|oreille|externe
92,JHHA001,,Biopsie pénis,Biopsie du pénis,Biopsie du pénis,Dermatologie,CCAM,10,0|1|2|3|4|5,0,0,37.58,0,0.7,0,1,0,150,1,1,2,0,P1,,ID,,1,2,0,biopsie|verge|pénis|penis
93,JMHA001,,Biopsie vulve,Biopsie de la vulve,Biopsie de la vulve,Dermatologie,CCAM,12,1|2|3|4|5,0,0,24.91,0,0.7,0,2,0,150,1,1,2,0,P1,,ID,,1,2,0,biopsie|vulve
94,MHMP007,,Attelle un doigt,Confection d'une orthèse statique d'un doigt,Confection d'une orthèse statique d'un doigt,Orthopédie,CCAM,6,0|1|2|3|4|5,0,0,38.4,0,0.7,0,0,0,150,1,1,2,4,P1|P2|P3|P4|P5|P6,,ID|Fbis|P|S|CRD|CRM|CRN|CRS|VRD|VRM|VRN|VRS,,1,1,0,confection|orthèse|statique|entorse|traumatisme|doigt
95,NFMP001,,Strapping genou,Confection d’une contention souple du genou,Confection d'une contention souple du genou,Orthopédie,CCAM,6,0|1|2|3|4|5,12,0,41.8,0,0.7,0,0,0,150,1,1,2,4,P1|P2|P3|P4|P5|P6,,ID|Fbis|M|P|S|CRD|CRM|CRN|CRS|VRD|VRM|VRN|VRS,,1,1,0,confection|contention|souple|entorse|traumatisme|genou
96,NGMP001,,Strapping cheville,Confection d’une contention souple de la cheville et/ou du pied|ou confection d’une semelle plâtrée,Confection d'une contention souple de la cheville et/ou du pied|ou confection d'une semelle plâtrée,Orthopédie,CCAM,6,0|1|2|3|4|5,13,0,20.9,0,0.7,0,0,0,150,1,1,2,4,P1|P2|P3|P4|P5|P6,,ID|Fbis|M|P|S|CRD|CRM|CRN|CRS|VRD|VRM|VRN|VRS,,1,1,0,confection|contention|souple|semelle|platre|entorse|traumatisme|cheville|pied
97,MZMP001,,Strapping membre supérieur,Confection d’une contention souple d’une articulation du membre supérieur,Confection d'une contention souple d'une articulation du membre supérieur,Orthopédie,CCAM,6,0|1|2|3|4|5,0,0,31.35,0,0.7,0,0,0,150,1,1,2,4,P1|P2|P3|P4|P5|P6,,ID|Fbis|M|P|S|CRD|CRM|CRN|CRS|VRD|VRM|VRN|VRS,,1,1,0,confection|contention|souple|entorse|traumatisme|genou
98,MGMP001,,Attelle poignet,Confection d'une attelle de posture ou de mobilisation du poignet et/ou de la main,Confection d'une attelle de posture ou de mobilisation du poignet et/ou de la main,Orthopédie,CCAM,6,0|1|2|3|4|5,0,0,44.89,0,0.7,0,0,0,150,1,1,2,4,P1|P2|P3|P4|P5|P6,,ID|Fbis|P|S|CRD|CRM|CRN|CRS|VRD|VRM|VRN|VRS,,1,1,0,confection|attelle|posture|mobilisation|avant|bras|poignet|main
99,MZMP006,,Manchette plâtrée,Confection d'un appareil rigide d'immobilisation de l'avant-bras|du poignet et/ou de la main ne prenant pas le coude,Confection d'un appareil rigide d'immobilisation de l'avant-bras|du poignet et/ou de la main ne prenant pas le coude,Orthopédie,CCAM,6,0|1|2|3|4|5,0,0,26.23,0,0.7,0,0,0,150,1,1,2,4,P1|P2|P3|P4|P5|P6,,ID|Fbis|M|P|S|CRD|CRM|CRN|CRS|VRD|VRM|VRN|VRS,,1,1,0,confection|rigide|immobilisation|platre|avant|bras|poignet|main
100,NZMP003,,Botte plâtrée entorse,Confection d'un appareil rigide d'immobilisation de la jambe|de la cheville et/ou du pied ne prenant pas le genou,Confection d'un appareil rigide d'immobilisation de la jambe|de la cheville et/ou du pied ne prenant pas le genou,Orthopédie,CCAM,6,0|1|2|3|4|5,0,0,27.57,0,0.7,0,0,0,150,1,1,2,4,P1|P2|P3|P4|P5|P6,,ID|Fbis|M|P|S|CRD|CRM|CRN|CRS|VRD|VRM|VRN|VRS,,1,1,0,confection|rigide|immobilisation|platre|cheville|pied|jambe
101,MZMP004,,Plâtre immobilisation initiale fracture poignet|main,Confection d’un appareil rigide au poignet et/ou à la main pour immobilisation initiale de fracture du membre supérieur|sans réduction,Confection d'un appareil rigide au poignet et/ou à la main pour immobilisation initiale de fracture du membre supérieur|sans réduction,Orthopédie,CCAM,6,0|1|2|3|4|5,0,0,29.07,0,0.7,0,0,0,150,1,1,2,4,P1|P2|P3|P4|P5|P6,,ID|Fbis|M|P|S|CRD|CRM|CRN|CRS|VRD|VRM|VRN|VRS,,1,1,0,confection|rigide|immobilisation|poihgnet|main|fracture
102,NZMP014,,Botte plâtrée immobilisation initiale fracture,Confection d'un appareil rigide cruropédieux [jambopédieux] pour immobilisation initiale de fracture du membre inférieur|sans réduction,Confection d'un appareil rigide cruropédieux [jambopédieux] pour immobilisation initiale de fracture du membre inférieur|sans réduction - Confection d'une botte plâtrée pour fracture du membre inférieur|sans réduction,Orthopédie,CCAM,6,0|1|2|3|4|5,0,0,31.2,0,0.7,0,0,0,150,1,1,2,4,P1|P2|P3|P4|P5|P6,,ID|Fbis|M|P|S|CRD|CRM|CRN|CRS|VRD|VRM|VRN|VRS,,1,1,0,botte platree|cheville
103,NZMP006,,Plâtre Mbre inf immobilisation initiale fracture,Confection d'un appareil rigide fémorocrural [fémorojambier] ou fémoropédieux pour immobilisation initiale de fracture du membre inférieur|sans réduction,Confection d'un appareil rigide fémorocrural [fémorojambier] ou fémoropédieux pour immobilisation initiale de fracture du membre inférieur|sans réduction,Orthopédie,CCAM,6,0|1|2|3|4|5,0,0,42.54,0,0.7,0,0,0,150,1,1,2,4,P1|P2|P3|P4|P5|P6,,ID|Fbis|M|P|S|CRD|CRM|CRN|CRS|VRD|VRM|VRN|VRS,,1,1,0,confection|appareil|rigide|femorocrural|fémorocrural|fémoropédieux|femoropedieux|immobilisation|fracture|membre|inférieur
104,MZMP013,,Manchette plâtrée immobilisation initiale fracture,Confection d’un appareil rigide antébrachiopalmaire pour immobilisation initiale de fracture du membre supérieur|sans réduction,Confection d'un appareil rigide antébrachiopalmaire pour immobilisation initiale de fracture du membre supérieur|sans réduction,Orthopédie,CCAM,6,0|1|2|3|4|5,0,0,34.03,0,0.7,0,0,0,150,1,1,2,4,P1|P2|P3|P4|P5|P6,,ID|Fbis|M|P|S|CRD|CRM|CRN|CRS|VRD|VRM|VRN|VRS,,1,1,0,confection|appareil|rigide|platre|fracture|antébrachiopalmaire|antebrachiopalmaire|membre|supérieur
105,MADP001,,Fracture clavicule,Contention orthopédique unilatérale ou bilatérale de fracture de la clavicule,Contention orthopédique unilatérale ou bilatérale de fracture de la clavicule,Orthopédie,CCAM,6,0|1|2|3|4|5,0,0,41.8,0,0.7,0,0,0,150,1,1,2,4,P1|P2|P3|P4|P5|P6,,ID|Fbis|M|P|S|CRD|CRM|CRN|CRS|VRD|VRM|VRN|VRS,,1,1,0,fracture|clavicule|contention|orthopédique
106,YYYY011,,Supplément traumatique,Prise en charge diagnostique et thérapeutique dans le même temps d'une lésion ostéo-articulaire|musculo-tendineuse ou des parties molles d'origine traumatique,Prise en charge diagnostique et thérapeutique dans le même temps d'une lésion ostéo-articulaire|musculo-tendineuse ou des parties molles d'origine traumatique,Orthopédie,CCAM,6,0|1|2|3|4|5,0,0,20.16,0,0.7,0,0,0,150,1,1,2,4,P1|P2|P3|P4|P5|P6,,ID|Fbis|P|S|CRD|CRM|CRN|CRS|VRD|VRM|VRN|VRS,,1,2,0,diagnostique|thérapeutique|lésion|os|articualaire|musculo|tendineuse|traumatique
107,DEQP003,,ECG,Électrocardiogramme,Électrocardiographie sur au moins 12 dérivations,Dépistages/prévention,CCAM,8,1|4|5|8,0,0,14.26,0,0.7,0,0,0,150,1,1,2,4,P1|P2|P3|P4|P5|P6,,ID|YYYY490|Fbis|P|S|CRD|CRM|CRN|CRS|VRD|VRM|VRN|VRS,,1,2,0,ecg|ECG|electrocardiogramme|electro|Electro|électro
108,EQQM006,,IPS,Mesure de la pression intraartérielle d'un membre en au moins 3 points,Mesure de la pression intraartérielle d'un membre en au moins 3 points|par doppler transcutané ou pléthysmographie.,Dépistages/prévention,CCAM,9,0|1|2|3|4|5,0,0,21.12,0,0.7,0,0,0,150,1,1,2,4,P1|P2|P3|P4|P5|P6,,ID|Fbis|P|S|CRD|CRM|CRN|CRS|VRD|VRM|VRN|VRS,,1,2,0,IPS|artérite|arterite|pression artérielle|diabétique|AOMI
109,JKHD001,,FCU,Frottis cervico-utérin,Prélèvement cervicovaginal pour frottis cytologique,Dépistages/prévention,CCAM,7,1|2|3|4|5|7,0,0,12.46,0,0.7,0,2,24,150,1,1,2,0,P1,,ID|Fbis|P|S,,1,2,0,frottis|prélevements|prelevement|col|utérus
110,GLQP012,,Spirométrie,Spirométrie standard ,Mesure de la capacité vitale lente et de l'expiration forcée|avec enregistrement [Spirométrie standard],Dépistages/prévention,CCAM,6,0|1|2|3|4|5,0,0,40.28,0,0.7,0,0,0,150,1,1,2,0,P1,,ID,,1,2,0,spiro|efr|asthme|bpco|pneumologie|capacité vitale|test
111,ALQP003,,Dépression,Test d'évaluation d'une dépression,Test d'évaluation d'une dépression - Évaluation par échelle psychiatrique MADRS|Hamilton|Beck|MMPI|STAI,Dépistages/prévention,CCAM,6,0|1|2|3|4|5,0,0,69.12,0,0.7,0,0,0,150,1,1,2,0,P1,,ID,,1,2,0,dépression|test|évaluation|evaluation|hamilton|madrs
112,ALQP006,,Trouble cognitif,Test d'évaluation d'un déficit cognitif,Test d'évaluation d'un déficit cognitif,Dépistages/prévention,CCAM,6,0|1|2|3|4|5,0,0,69.12,0,0.7,0,0,0,150,1,1,2,0,P1,,ID,,1,2,0,trouble|cognitif|mémoire|memoire|Rey|mots
113,CDQP010,,Audition tonale ou vocale,Audiométrie tonale ou vocale,Audiométrie tonale ou vocale,Dépistages/prévention,CCAM,6,0|1|2|3|4|5,10,0,26.18,0,0.7,0,0,0,150,1,1,2,4,P1|P2|P3|P4|P5|P6,,ID|Fbis|P|S|CRD|CRM|CRN|CRS|VRD|VRM|VRN|VRS,,1,2,0,audiométrie|audiometrie|orl|audition|tonale|vocale|test
114,CDQP012,,Audition tonale et vocale,Audiométrie tonale et vocale,Audiométrie tonale et vocale,Dépistages/prévention,CCAM,6,0|1|2|3|4|5,10,0,39.27,0,0.7,0,0,0,150,1,1,2,4,P1|P2|P3|P4|P5|P6,,ID|Fbis|P|S|CRD|CRM|CRN|CRS|VRD|VRM|VRN|VRS,,1,2,0,audiométrie|audiometrie|orl|audition|tonale|vocale|test
115,CDRP002,,Audition < 3 ans,Epreuves de dépistage de surdité,Épreuves de dépistage de surdité avant l'âge de 3 ans - Dépistage clinique ou audiométrique des surdités de l'enfant,Dépistages/prévention,CCAM,6,0|1|2|3|4|5,0,0,48.51,0,0.7,0,0,0,3,1,1,2,0,P1,,ID,,1,2,0,dépistage|surdité|clinique|sensoriel|test|enfant
116,BLQP012,,Regard < 2 ans,Evaluation de l’acuité visuelle par la technique du regard préférentiel,Évaluation de l'acuité visuelle par la technique du regard préférentiel|avant l'âge de 2 ans,Dépistages/prévention,CCAM,6,0|1|2|3|4|5,0,0,25.3,0,0.7,0,0,0,2,1,1,2,0,P1,,ID|Fbis|P|S,,1,2,0,vision|acuité|visuelle|dépistage|test|sensoriel|regard|préferentiel
117,BLQP008,,Vision couleurs,Exploration du sens chromatique,Exploration du sens chromatique [vision des couleurs] par épreuves pseudo-isochromatiques,Dépistages/prévention,CCAM,6,0|1|2|3|4|5,0,0,18.05,0,0.7,0,0,0,150,1,1,2,0,P1,,ID,,1,2,0,vision|couleurs|ishihara|sens|chromatique|couleur|test
118,BLQP010,,Vision relief,Examen de la vision binoculaire,Examen de la vision binoculaire,Dépistages/prévention,CCAM,6,0|1|2|3|4|5,0,0,25.32,0,0.7,0,0,0,150,1,1,2,4,P1|P2|P3|P4|P5|P6,,ID|Fbis|P|S|CRD|CRM|CRN|CRS|VRD|VRM|VRN|VRS,,1,2,0,vision|binoculaire|relief|lang
119,BJQP002,,Vision motricité,Examen fonctionnel de la motricité oculaire,Examen fonctionnel de la motricité oculaire - Exploration des hétérophories|diplopies|strabismes|amblyopies Épreuve de Lancaster,Dépistages/prévention,CCAM,6,0|1|2|3|4|5,0,0,26.24,0,0.7,0,0,0,150,1,1,2,0,P1,,ID,,1,2,0,vision|motricité|oculaire|astigmatisme|myopie|hypermétropie|normophories
120,JKLD001,,Pose DIU,Pose d'un stérilet,Pose d'un dispositif intra-utérin,Autres actes,CCAM,6,0|1|2|3|4|5,8,0,38.4,0,0.7,0,2,0,150,1,1,2,0,P1,,ID|Fbis|P|S,,1,1,0,pose|DIU|stérilet|contraception|sterilet
121,JKKD001,,Changement DIU,Changement d’un stérilet,Changement d'un dispositif intra-utérin,Autres actes,CCAM,6,0|1|2|3|4|5,8,0,38.4,0,0.7,0,2,0,150,1,1,2,0,P1,,ID|Fbis|P|S,,1,1,0,changement|diu|stérilet|contraception|sterilet
122,JKGD001,,Ablation DIU avec pince,Ablation d’un stérilet avec matériel de préhension intra-utérin,Ablation d'un dispositif intra-utérin par un matériel intra-utérin de préhension|par voie vaginale,Autres actes,CCAM,6,0|1|2|3|4|5,0,0,62.7,0,0.7,0,2,0,150,1,1,2,4,P1|P2|P3|P4|P5|P6,,ID|Fbis|P|S|CRD|CRM|CRN|CRS|VRD|VRM|VRN|VRS,,1,1,0,DIU|stérilet|sterilet|ablation|pince|intra|uterin|utérin|contraception
123,QZLA004,,Pose Implant,Pose Implant Hormonal,Pose d'implant pharmacologique souscutané - Pose d'implant contraceptif souscutané,Autres actes,CCAM,10,0|1|2|3|4|5,0,0,17.99,0,0.7,0,2,0,150,1,1,2,0,P1,,ID,,1,1,0,pose|implant|hormonal|pharmacologique|contraception
124,QZGA002,,Ablation Implant,Ablation ou changement d’un implant hormonal,Ablation ou changement d'implant pharmacologique souscutané - Ablation d'implant contraceptif souscutané,Autres actes,CCAM,10,0|1|2|3|4|5,0,0,41.8,0,0.7,0,2,0,150,1,1,2,4,P1|P2|P3|P4|P5|P6,,ID|Fbis|P|S|CRD|CRM|CRN|CRS|VRD|VRM|VRN|VRS,,1,1,0,ablation|changement|implant|hormonal|pharmacologique|contraception
125,MZHB002,,Ponction Mbre Sup,Ponction articulaire du membre supérieur,Ponction ou cytoponction d'une articulation du membre supérieur|par voie transcutanée sans guidage,Autres actes,CCAM,6,0|1|2|3|4|5,0,0,28.81,0,0.7,0,0,0,150,1,1,2,0,P1,,ID,,1,2,0,ponction|articulation|membre|supérieur
126,NZHB002,,Ponction Mbre inf,Ponction articulaire du membre inférieur,Ponction ou cytoponction d'une articulation du membre inférieur|par voie transcutanée sans guidage,Autres actes,CCAM,6,0|1|2|3|4|5,0,0,28.81,0,0.7,0,0,0,150,1,1,2,0,P1,,ID,,1,2,0,ponction|articulation|membre|inférieur
127,AHLB006,,Infil Carpien,Infiltration du canal carpien,Infiltration thérapeutique du nerf médian dans le canal carpien,Autres actes,CCAM,6,0|1|2|3|4|5,0,0,29.48,0,0.7,0,0,0,150,1,1,2,0,P1,,ID,,1,1,0,infiltration|nerf|canal|carpien|médian|thérapeutique
128,MZLB001,,Infil Mbre Sup,Infiltration du membre supérieur,Injection thérapeutique d'agent pharmacologique dans une articulation ou une bourse séreuse du membre supérieur|par voie transcutanée sans guidage,Autres actes,CCAM,6,0|1|2|3|4|5,0,0,26.13,0,0.7,0,0,0,150,1,1,2,0,P1,,ID,,1,1,0,infiltration|bourse séreuse|articulation|membre|supérieur|superieur
129,NZLB001,,Infil Mbre Inf,Infiltration du membre inférieur,Injection thérapeutique d'agent pharmacologique dans une articulation ou une bourse séreuse du membre inférieur|par voie transcutanée sans guidage,Autres actes,CCAM,6,0|1|2|3|4|5,0,0,30.82,0,0.7,0,0,0,150,1,1,2,0,P1,,ID,,1,1,0,infiltration|bourse séreuse|articulation|membre|inférieur|inferieur
130,YYYY010,,Urgence vitale,Traitement de premier recours nécessitant des actes techniques et la présence prolongée du médecin,Traitement de premier recours de cas nécessitant des actes techniques (pose d’une perfusion|administration d’oxy- gène|soins de réanimation cardio-respiratoire...) et la présence prolongée du médecin (en dehors d’un établissement de soins) dans les situations suivantes : - détresse respiratoire ; - détresse cardiaque ; - détresse d’origine allergique ; - état aigu d’agitation ; - état de mal comitial ; - détresse d’origine traumatique.,Autres actes,CCAM,6,0|1|2|3|4|5,0,0,48,0,0.7,0,0,0,150,1,1,2,4,P1|P2|P3|P4|P5|P6,,ID|Fbis|M|P|S|CRD|CRM|CRN|CRS|VRD|VRM|VRN|VRS,,1,2,0,urgence|vitale|technique
131,GABD002,,Epistaxis ant,Tamponnement nasal antérieur,Tamponnement nasal antérieur,Autres actes,CCAM,6,0|1|2|3|4|5,11,0,27.72,0,0.7,0,0,0,150,1,1,2,4,P1|P2|P3|P4|P5|P6,,ID|Fbis|M|P|S|CRD|CRM|CRN|CRS|VRD|VRM|VRN|VRS,,1,1,0,tamponnement|epistaxis|épistaxis|nasal|antérieur
132,GABD001,,Epistaxis ant et post,Tamponnement nasal antérieur et postérieur,Tamponnement nasal antérieur et postérieur,Autres actes,CCAM,6,0|1|2|3|4|5,11,0,56.21,0,0.7,0,0,0,150,1,1,2,4,P1|P2|P3|P4|P5|P6,,ID|Fbis|M|P|S|CRD|CRM|CRN|CRS|VRD|VRM|VRN|VRS,,1,1,0,tamponnement|epistaxis|épistaxis|nasal|antérieur|postérieur
133,EGJA001,,Thrombose hémorroidaire,Évacuation d'une thrombose hémorroïdaire externe,Évacuation d'une thrombose hémorroïdaire externe,Autres actes,CCAM,10,0|1|2|3|4|5,0,0,62.7,0,0.7,0,0,0,150,1,1,2,4,P1|P2|P3|P4|P5|P6,,ID|Fbis|P|S|CRD|CRM|CRN|CRS|VRD|VRM|VRN|VRS,,1,1,0,évacuation|evacuation|thrombose|hémorroide|hémorroide|externe
134,K9,,Brulures corps <10 cm2,Nettoyage ou pansement d'une brulure < à 10 cm2,Nettoyage ou pansement d'une brûlure : surface au dessous de 10 cm2,Autres actes,NGAP,1,0|2|3|4|5|6|7|8|9|10|11|12,0,0,17.28,0,0.7,0,0,0,150,1,1,2,4,P1|P2|P3|P4|P5|P6,,ID|CRD|CRM|CRN|CRS|COEF1|COEF2|MU|VRD|VRM|VRN|VRS,,1,0,0,brulure|pansement|corps
135,"K9 + K4,5",,Brulures corps <10 cm2 ( 2 pansements),2 Nettoyages ou pansements d'une brulure < à 10 cm2,2 Nettoyages ou pansements d'une brûlure : surface au dessous de 10 cm2,Autres actes,NGAP,1,0|2|3|4|5|6|7|8|9|10|11|12,0,0,17.28,8.64,0.7,0,0,0,150,1,1,2,4,P1|P2|P3|P4|P5|P6,,ID|CRD|CRM|CRN|CRS|COEF1|COEF2|MU|VRD|VRM|VRN|VRS,,2,0,0,brulure|pansement|corps
136,K16,,Brulure corps > 10 cm2 et < 10%,Nettoyage ou pansement d'une brulure < à 10 % de la surface du corps et > 10 cm2,Nettoyage ou pansement d'une brûlure : surface inférieure à 10 % de la surface du corps et > 10 cm2,Autres actes,NGAP,1,0|2|3|4|5|6|7|8|9|10|11|12,0,0,30.72,0,0.7,0,0,0,150,1,1,2,4,P1|P2|P3|P4|P5|P6,,ID|CRD|CRM|CRN|CRS|COEF1|COEF2|MU|VRD|VRM|VRN|VRS,,1,0,0,brulure|pansement|corps
137,K16 + K16/2,,Brulure corps > 10 cm2 et < 10% (2 pansements),2 Nettoyages ou pansements d'une brulure < à 10 % de la surface du corps et > 10 cm2,2 Nettoyages ou pansements d'une brûlure : surface inférieure à 10 % de la surface du corps et > 10 cm2,Autres actes,NGAP,1,0|2|3|4|5|6|7|8|9|10|11|12,0,0,30.72,15.36,0.7,0,0,0,150,1,1,2,4,P1|P2|P3|P4|P5|P6,,ID|CRD|CRM|CRN|CRS|COEF1|COEF2|MU|VRD|VRM|VRN|VRS,,2,0,0,brulure|pansement|corps
138,"K13,5",,Burlure face/main < 10 cm2,Nettoyage ou pansement d'une brulure face ou main < à 10 cm2,Nettoyage ou pansement d'une brûlure de la face ou des mains : surface au dessous de 10 cm2,Autres actes,NGAP,1,0|2|3|4|5|6|7|8|9|10|11|12,0,0,25.92,0,0.7,0,0,0,150,1,1,2,4,P1|P2|P3|P4|P5|P6,,ID|CRD|CRM|CRN|CRS|COEF1|COEF2|MU|VRD|VRM|VRN|VRS,,1,0,0,brulure|pansement|corps
139,"K13,5 + K13,5/2",,Brulure face/main < 10 cm2 ( 2 pansements),2 Nettoyages ou pansements d'une brulure face ou main < à 10 cm2,2 Nettoyages ou pansements d'une brûlure de la face ou des mains : surface au dessous de 10 cm2,Autres actes,NGAP,1,0|2|3|4|5|6|7|8|9|10|11|12,0,0,25.92,12.96,0.7,0,0,0,150,1,1,2,4,P1|P2|P3|P4|P5|P6,,ID|CRD|CRM|CRN|CRS|COEF1|COEF2|MU|VRD|VRM|VRN|VRS,,2,0,0,brulure|pansement|face|main
140,K24,,Brulure face/main > 10cm2 et < 10 %,Nettoyage ou pansement d'une brulure < à 10 % de la surface du corps et > 10cm2,Nettoyage ou pansement d'une brûlure de la face ou des mains : surface inférieure à 10 % de la surface du corps et > 10 cm2,Autres actes,NGAP,1,0|2|3|4|5|6|7|8|9|10|11|12,0,0,46.08,0,0.7,0,0,0,150,1,1,2,4,P1|P2|P3|P4|P5|P6,,ID|CRD|CRM|CRN|CRS|COEF1|COEF2|MU|VRD|VRM|VRN|VRS,,1,0,0,brulure|pansement|face|main
141,K24 + K24/2,,Brulure face/main > 10cm2 et < 10 % (2 pansements),2 Nettoyages ou pansements d'une brulure < à 10 % de la surface du corps et > 10cm2,2 Nettoyages ou pansements d'une brûlure de la face ou des mains : surface inférieure à 10 % de la surface du corps et > 10 cm2,Autres actes,NGAP,1,0|2|3|4|5|6|7|8|9|10|11|12,0,0,46.08,23.04,0.7,0,0,0,150,1,1,2,4,P1|P2|P3|P4|P5|P6,,ID|CRD|CRM|CRN|CRS|COEF1|COEF2|MU|VRD|VRM|VRN|VRS,,2,0,0,brulure|pansement|face|main
142,MDN,,,Majoration pour visite à domicile de nuit avec déplacement justiﬁé (20h00-00h00 / 06h00-08h00),,actes non sélectionnables,NGAP,13,,0,0,38.5,0,0.7,1,0,0,150,1,1,1,2,P4|P6,,,MD,0,0,0,
143,CRS,,,Majoration spéciﬁque de samedi après-midi pour actes réalisés au cabinet,,actes non sélectionnables,NGAP,13,,0,0,26.5,0,0.7,1,0,0,150,1,1,0,1,P2,,,,0,0,0,
144,CRD,,,Majoration spéciﬁque de dimanche et jour férié pour actes réalisés au cabinet,,actes non sélectionnables,NGAP,13,,0,0,26.5,0,0.7,1,0,0,150,1,1,0,1,P3,,,,0,0,0,
145,CRN,,,Majoration spéciﬁque de nuit (20h00-00h00 / 06h00-08h00) pour actes réalisés au cabinet,,actes non sélectionnables,NGAP,13,,0,0,42.5,0,0.7,1,0,0,150,1,1,0,1,P4|P6,,,,0,0,0,
146,CRM,,,Majoration spéciﬁque de milieu de nuit (00h00 - 06h00) pour actes réalisés au cabinet,,actes non sélectionnables,NGAP,13,,0,0,51.5,0,0.7,1,0,0,150,1,1,0,1,P5,,,,0,0,0,
147,VRS,,,Majoration spéciﬁque de samedi après-midi pour actes réalisés à domicile,,actes non sélectionnables,NGAP,13,,0,0,30,0,0.7,1,0,0,150,1,1,1,1,P2,,,,0,0,0,
148,VRD,,,Majoration spéciﬁque de dimanche et jour férié pour actes réalisés à domicile,,actes non sélectionnables,NGAP,13,,0,0,30,0,0.7,1,0,0,150,1,1,1,1,P3,,,,0,0,0,
149,VRN,,,Majoration spéciﬁque de nuit (20h00-00h00 / 06h00-08h00) pour actes réalisés à domicile,,actes non sélectionnables,NGAP,13,,0,0,46,0,0.7,1,0,0,150,1,1,1,1,P4|P6,,,,0,0,0,
150,VRM,,,Majoration spéciﬁque de milieu de nuit (00h00 - 06h00) pour actes réalisés à domicile,,actes non sélectionnables,NGAP,13,,0,0,59.5,0,0.7,1,0,0,150,1,1,1,1,P5,,,,0,0,0,
151,Fbis,,,Acte réalisé en urgence un dimanche ou un jour férié,,actes non sélectionnables,CCAM,13,,0,0,19.06,0,0.7,1,0,0,150,1,1,2,2,P3,,,,0,0,1,
152,P,,,Acte réalisé en urgence la nuit de 20h à 00h,,actes non sélectionnables,CCAM,13,,0,0,35,0,0.7,1,0,0,150,1,1,2,2,P4,,,,0,0,1,
153,S,,,Acte réalisé en urgence la nuit de 00h à 08h,,actes non sélectionnables,CCAM,13,,0,0,40,0,0.7,1,0,0,150,1,1,2,2,P5|P6,,,,0,0,1,
154,M,,,Acte réalisé en urgence au cabinet du médecin généraliste|après examen en urgence d’un patient,,actes non sélectionnables,CCAM,13,,0,0,26.88,0,0.7,1,0,0,150,1,1,0,2,P1,,,,0,0,1,
155,R,,,Réalisation d'un acte de chirurgie plastique des téguments de la face|du cou|de la main et des doigts|ou d'un acte sur des plaies ou brûlures de la face ou des mains,,actes non sélectionnables,CCAM,13,,0,1,50,0,0.7,1,0,0,150,1,1,2,4,P1|P2|P3|P4|P5|P6,,,,0,0,1,
156,FSD,,,Forfait de sécurité dermatologique,,actes non sélectionnables,NGAP,13,,0,0,40,0,0.7,1,0,0,150,1,1,2,4,P1|P2|P3|P4|P5|P6,,,,0,0,0,
157,MU,,,Majoration d'urgence,Majoration d’urgence (obligation d’abandonner les consultations au cabinet),actes non sélectionnables,NGAP,13,,0,0,22.6,0,0.7,1,0,0,150,1,1,1,2,P1,,,ID|MD,0,0,0,MU|majoration|urgence
158,ID,,,Indemnité forfaitaire de déplacement,,actes non sélectionnables,NGAP,13,,0,0,3.5,0,0.7,1,0,0,150,1,1,1,3,P1|P2|P3|P4|P5|P6,,,,0,0,0,
159,IK,,,Indemnité kilométrique en plaine,,actes non sélectionnables,NGAP,13,,0,0,0.61,0,1,1,0,0,150,1,1,1,4,P1|P2|P3|P4|P5|P6,,,,0,0,0,
160,MD,,,Majoration pour visite à domicile avec déplacement justiﬁé,,actes non sélectionnables,NGAP,13,,0,0,10,0,0.7,1,0,0,150,1,1,1,3,P1|P2|P3|P4|P5|P6,,,,0,0,0,
161,MDD,,,Majoration pour visite à domicile avec déplacement justiﬁé|dimanche et jour férié,,actes non sélectionnables,NGAP,13,,0,0,22.6,0,0.7,1,0,0,150,1,1,1,2,P3,,,MD,0,0,0,
162,MDI,,,Majoration pour visite à domicile en nuit profonde avec déplacement justiﬁé (00h00 - 06h00),,actes non sélectionnables,NGAP,13,,0,0,43.5,0,0.7,1,0,0,150,1,1,1,2,P5,,,MD,0,0,0,
163,F,,,Majoration pour consultation au cabinet dimanche et jour férié,,actes non sélectionnables,NGAP,13,,0,0,19.06,0,0.7,1,0,0,150,1,1,0,2,P3,,,,0,0,1,
164,N,,,Majoration pour consultation au cabinet de nuit (20h00-00h00 / 06h00-08h00),,actes non sélectionnables,NGAP,13,,0,0,35,0,0.7,1,0,0,150,1,1,0,2,P4|P6,,,,0,0,1,
165,MM,,,Majoration pour consultation au cabinet en nuit profonde (00h00 - 06h00),,actes non sélectionnables,NGAP,13,,0,0,40,0,0.7,1,0,0,150,1,1,0,2,P5,,,,0,0,0,
166,MEG,,,Majoration pour les enfants de 0 à 6 ans,,actes non sélectionnables,NGAP,13,,0,0,5,0,0.7,1,0,0,5,1,1,2,4,P1|P2|P3|P4|P5|P6,,,,0,0,0,
167,MCG,,,Majoration de coordination,,actes non sélectionnables,NGAP,13,,0,0,5,0,0.7,1,0,0,150,1,0,0,4,P1|P2|P3|P4|P5|P6,,,,0,0,0,
168,COEF1,,,majoration K dimanche et jours fériés,,actes non sélectionnables,NGAP,13,,0,2,0.05,0,0.7,1,0,0,150,1,1,2,2,P3,,,,0,0,0,
169,COEF2,,,majoration K nuit,,actes non sélectionnables,NGAP,13,,0,2,0.1,0,0.7,1,0,0,150,1,1,2,2,P4|P5|P6,,,,0,0,0,
170,YYYY490,,,Supplément pour électrocardiographie réalisée au domicile du patient,,actes non sélectionnables,CCAM,13,,0,0,9.6,0,0.7,1,0,0,150,1,1,1,4,P1|P2|P3|P4|P5|P6,,,,0,2,0,